{
  "watchlist": [
    {
      "vote_count": 2011,
      "id": 19404,
      "video": false,
      "vote_average": 9.1,
      "title": "Dilwale Dulhania Le Jayenge",
      "popularity": 13.546,
      "poster_path": "https://image.tmdb.org/t/p/w500/uC6TTUhPpQCmgldGyYveKRAu8JN.jpg",
      "original_language": "hi",
      "original_title": "दिलवाले दुल्हनिया ले जायेंगे",
      "genre_ids": [
        35,
        18,
        10749
      ],
      "backdrop_path": "/nl79FQ8xWZkhL3rDr1v2RFFR6J0.jpg",
      "adult": false,
      "overview": "Raj is a rich, carefree, happy-go-lucky second generation NRI. Simran is the daughter of Chaudhary Baldev Singh, who in spite of being an NRI is very strict about adherence to Indian values. Simran has left for India to be married to her childhood fiancé. Raj leaves for India with a mission at his hands, to claim his lady love under the noses of her whole family. Thus begins a saga.",
      "release_date": "1995-10-20"
    },
    {
      "vote_count": 2458,
      "id": 299537,
      "video": false,
      "vote_average": 7.3,
      "title": "Captain Marvel",
      "popularity": 366.817,
      "poster_path": "https://image.tmdb.org/t/p/w500/AtsgWhDnHTq68L0lLsUrCnM7TjG.jpg",
      "original_language": "en",
      "original_title": "Captain Marvel",
      "genre_ids": [
        28,
        12,
        878
      ],
      "backdrop_path": "/w2PMyoyLU22YvrGK3smVM9fW1jj.jpg",
      "adult": false,
      "overview": "The story follows Carol Danvers as she becomes one of the universe’s most powerful heroes when Earth is caught in the middle of a galactic war between two alien races. Set in the 1990s, Captain Marvel is an all-new adventure from a previously unseen period in the history of the Marvel Cinematic Universe.",
      "release_date": "2019-03-06"
    },
    {
      "vote_count": 12182,
      "id": 299536,
      "video": false,
      "vote_average": 8.3,
      "title": "Avengers: Infinity War",
      "popularity": 139.94,
      "poster_path": "https://image.tmdb.org/t/p/w500/7WsyChQLEftFiDOVTGkv3hFpyyt.jpg",
      "original_language": "en",
      "original_title": "Avengers: Infinity War",
      "genre_ids": [
        12,
        28,
        14
      ],
      "backdrop_path": "/bOGkgRGdhrBYJSLpXaxhXVstddV.jpg",
      "adult": false,
      "overview": "As the Avengers and their allies have continued to protect the world from threats too large for any one hero to handle, a new danger has emerged from the cosmic shadows: Thanos. A despot of intergalactic infamy, his goal is to collect all six Infinity Stones, artifacts of unimaginable power, and use them to inflict his twisted will on all of reality. Everything the Avengers have fought for has led up to this moment - the fate of Earth and existence itself has never been more uncertain.",
      "release_date": "2018-04-25"
    },
    {
      "vote_count": 18218,
      "id": 155,
      "video": false,
      "vote_average": 8.4,
      "title": "The Dark Knight",
      "popularity": 35.402,
      "poster_path": "https://image.tmdb.org/t/p/w500/1hRoyzDtpgMU7Dz4JF22RANzQO7.jpg",
      "original_language": "en",
      "original_title": "The Dark Knight",
      "genre_ids": [
        18,
        28,
        80,
        53
      ],
      "backdrop_path": "/hqkIcbrOHL86UncnHIsHVcVmzue.jpg",
      "adult": false,
      "overview": "Batman raises the stakes in his war on crime. With the help of Lt. Jim Gordon and District Attorney Harvey Dent, Batman sets out to dismantle the remaining criminal organizations that plague the streets. The partnership proves to be effective, but they soon find themselves prey to a reign of chaos unleashed by a rising criminal mastermind known to the terrified citizens of Gotham as the Joker.",
      "release_date": "2008-07-16"
    },
    {
      "vote_count": 12635,
      "id": 122,
      "video": false,
      "vote_average": 8.4,
      "title": "The Lord of the Rings: The Return of the King",
      "popularity": 40.142,
      "poster_path": "https://image.tmdb.org/t/p/w500/rCzpDGLbOoPwLjy3OAm5NUPOTrC.jpg",
      "original_language": "en",
      "original_title": "The Lord of the Rings: The Return of the King",
      "genre_ids": [
        12,
        14,
        28
      ],
      "backdrop_path": "/8BPZO0Bf8TeAy8znF43z8soK3ys.jpg",
      "adult": false,
      "overview": "Aragorn is revealed as the heir to the ancient kings as he, Gandalf and the other members of the broken fellowship struggle to save Gondor from Sauron's forces. Meanwhile, Frodo and Sam bring the ring closer to the heart of Mordor, the dark lord's realm.",
      "release_date": "2003-12-01"
    },
    {
      "id": 299538
    },
    {
      "id": 299539
    },
    {
      "id": 299540
    },
    {
      "id": 299541
    },
    {
      "id": 299542
    },
    {
      "id": 299543
    },
    {
      "id": 299544
    },
    {
      "id": 299545
    },
    {
      "id": 299546
    },
    {
      "id": 299547
    },
    {
      "id": 299548
    },
    {
      "id": 299549
    }
  ]
}